league,teamname,condition,n,wins,expected_wins,win_rate,adjusted_pp,low,high,source_games,eligible_games,coverage_pct
CBLOL,FURIA,Ahead,31,27,23.907792858408854,0.8709677419354839,5.069192035395316,-1.0823200767818337,11.07269582295167,72,72,100.0
CBLOL,FURIA,Behind,16,6,4.054436945377887,0.375,4.229484901352419,-3.7314758753498243,13.216991403705851,72,72,100.0
CBLOL,Fluxo W7M,Ahead,19,14,13.549006532890724,0.7368421052631579,0.9203948308352583,-8.135635510257849,8.600581131307079,55,55,100.0
CBLOL,Fluxo W7M,Behind,25,3,5.074119271270444,0.12,-3.771125947764444,-9.105846747180038,2.1477888204265154,55,55,100.0
CBLOL,LOUD,Ahead,27,23,21.233896972688516,0.8518518518518519,3.098426363704362,-3.955225338120576,8.734129707154699,67,67,100.0
CBLOL,LOUD,Behind,19,6,4.422753066446401,0.3157894736842105,3.2188712929665275,-4.297872225113405,10.465210707212622,67,67,100.0
CBLOL,Leviatan,Ahead,5,3,2.8827861959714065,0.6,0.33489658293883856,-6.968701545754639,7.232739260038236,51,51,100.0
CBLOL,Leviatan,Behind,22,1,3.5191705680565493,0.045454545454545456,-4.844558784724134,-8.03062959643853,-0.18654148288978387,51,51,100.0
CBLOL,LØS,Ahead,41,33,33.52353402321202,0.8048780487804879,-0.737371863678904,-8.103990087546288,5.996063710431252,76,76,100.0
CBLOL,LØS,Behind,18,4,4.357014948864589,0.2222222222222222,-0.7437811434678911,-7.1609210932290415,5.623612594396762,76,76,100.0
CBLOL,RED Canids,Ahead,22,17,17.305979231344967,0.7727272727272727,-0.5884215987403226,-6.960004274187667,5.447374265140291,65,65,100.0
CBLOL,RED Canids,Behind,21,3,6.524169638745599,0.14285714285714285,-6.910136546559999,-14.285560827124677,2.11948983156705,65,65,100.0
CBLOL,Vivo Keyd Stars,Ahead,12,11,9.630494561571217,0.9166666666666666,3.2607272343542464,-2.6799938493050233,7.740854872874906,60,60,100.0
CBLOL,Vivo Keyd Stars,Behind,30,8,6.855571597387274,0.26666666666666666,1.9073806710212116,-4.158941246815182,8.69079787347507,60,60,100.0
CBLOL,paiN Gaming,Ahead,16,13,11.874345317167815,0.8125,2.4470753974612722,-2.9838894627642514,7.357930558336014,54,54,100.0
CBLOL,paiN Gaming,Behind,22,1,4.284928270595737,0.045454545454545456,-6.317169751145648,-10.015546607761522,-3.330169107363254,54,54,100.0
LCK,BNK FEARX,Ahead,31,23,23.988773543749975,0.7419354838709677,-1.6209402356556923,-8.933607191479547,5.244772790542788,111,111,100.0
LCK,BNK FEARX,Behind,47,11,10.195024500866943,0.23404255319148937,1.0454227261468263,-5.072576142532116,7.043224843867731,111,111,100.0
LCK,DN SOOPers,Ahead,12,9,8.885829616582392,0.75,0.27183424623240265,-7.379402901020752,6.805261030624607,88,88,100.0
LCK,DN SOOPers,Behind,43,4,5.841119948711023,0.09302325581395349,-2.5220821215219478,-7.855838221926308,3.741680553296626,88,88,100.0
LCK,Dplus Kia,Ahead,54,39,41.62859150431492,0.7222222222222222,-3.1292756003749096,-11.700548518783247,4.41907572235896,120,120,100.0
LCK,Dplus Kia,Behind,31,8,8.601755669933052,0.25806451612903225,-0.9864847048082825,-8.243259447395543,6.60553310661187,120,120,100.0
LCK,Gen.G,Ahead,49,42,41.103879088334224,0.8571428571428571,1.1343302679313618,-5.424425469153447,6.886184860201061,100,100,100.0
LCK,Gen.G,Behind,29,13,10.350410241439118,0.4482758620689655,4.490830099255731,-3.1032492008388695,12.346609985869135,100,100,100.0
LCK,HANJIN BRION,Ahead,35,22,25.49363686020332,0.6285714285714286,-5.374825938774337,-12.997335816773706,2.0042237547568624,93,93,100.0
LCK,HANJIN BRION,Behind,39,9,9.103473189236334,0.23076923076923078,-0.14996114382077436,-6.440093573114056,6.52025660226951,93,93,100.0
LCK,Hanwha Life Esports,Ahead,53,44,42.47827178526548,0.8301886792452831,1.8334074876319575,-3.842176931538109,6.9854454498964405,99,99,100.0
LCK,Hanwha Life Esports,Behind,32,10,9.304173391877779,0.3125,1.1223009808422917,-6.257167425342739,9.255733099492417,99,99,100.0
LCK,KT Rolster,Ahead,41,32,30.810270027098696,0.7804878048780488,1.6756760181708534,-6.190080274116563,9.118781736676233,102,102,100.0
LCK,KT Rolster,Behind,44,12,8.59194785738549,0.2727272727272727,4.605475868397986,-3.2673907907098587,13.318872870875438,102,102,100.0
LCK,Kiwoom DRX,Ahead,24,16,18.98333341089003,0.6666666666666666,-5.5246915016482,-12.792203746314195,1.8053651430699267,96,96,100.0
LCK,Kiwoom DRX,Behind,39,6,7.828251875609044,0.15384615384615385,-2.649640399433394,-7.880585596214717,3.8839606819740418,96,96,100.0
LCK,Nongshim RedForce,Ahead,34,21,23.000852398851546,0.6176470588235294,-3.1263318732055394,-10.92795686094477,4.118348030618692,86,86,100.0
LCK,Nongshim RedForce,Behind,31,5,6.230865350832478,0.16129032258064516,-2.017812050545045,-7.302957862538715,4.234100833297619,86,86,100.0
LCK,T1,Ahead,44,35,33.855687372381674,0.7954545454545454,1.5463684157004445,-4.65865630285728,7.351414990846451,109,109,100.0
LCK,T1,Behind,42,16,10.723852366436496,0.38095238095238093,7.327982824393754,-1.142818772883049,16.522721151736267,109,109,100.0
LCP,CTBC Flying Oyster,Ahead,27,23,20.54262947192077,0.8518518518518519,4.311176365051282,-2.8783345052441516,10.583659278066653,79,79,100.0
LCP,CTBC Flying Oyster,Behind,31,5,5.49379050125038,0.16129032258064516,-0.8094926250006224,-5.506495617753956,4.620465832823805,79,79,100.0
LCP,Deep Cross Gaming,Ahead,27,20,20.645617881451074,0.7407407407407407,-1.1326629499141705,-8.270182945294193,5.888546632411329,91,91,100.0
LCP,Deep Cross Gaming,Behind,28,7,7.240934892009595,0.25,-0.4154049862234408,-6.8550915191067565,6.243292382815626,91,91,100.0
LCP,DetonatioN FocusMe,Ahead,10,4,5.304903108680813,0.4,-3.2622577717020347,-9.828169556202395,3.1809519454162745,46,46,100.0
LCP,DetonatioN FocusMe,Behind,21,2,2.467012808333001,0.09523809523809523,-0.9157113888882379,-4.95316389326285,3.9223641155089535,46,46,100.0
LCP,Fukuoka SoftBank HAWKS gaming,Ahead,8,6,6.285227548656385,0.75,-0.7505988122536436,-5.865943580311224,4.399875245581891,60,60,100.0
LCP,Fukuoka SoftBank HAWKS gaming,Behind,20,5,6.177562667597149,0.25,-2.3551253351942965,-8.079177229424914,4.673771214244572,60,60,100.0
LCP,GAM Esports,Ahead,32,25,24.77428543817655,0.78125,0.36405574487653575,-5.859511999523713,6.302282132639176,73,73,100.0
LCP,GAM Esports,Behind,21,5,5.7508627906912935,0.23809523809523808,-1.4722799817476369,-9.520297711509457,7.1473314132855155,73,73,100.0
LCP,Ground Zero Gaming,Ahead,9,6,7.310971359302418,0.6666666666666666,-3.361465023852355,-9.618568410839481,2.6852895383937567,63,63,100.0
LCP,Ground Zero Gaming,Behind,21,5,4.713744853515861,0.23809523809523808,0.5612846009492917,-5.577832596705984,8.008145147064464,63,63,100.0
LCP,MVK Esports,Ahead,29,21,19.905980219282252,0.7241379310344828,1.8542708147758469,-6.108957179585878,8.777511511866628,75,75,100.0
LCP,MVK Esports,Behind,27,6,6.102360387036574,0.2222222222222222,-0.17957962637995403,-6.486219744135563,6.171528081607024,75,75,100.0
LCP,Team Secret Whales,Ahead,39,35,34.169882009206965,0.8974358974358975,1.2030695518739578,-4.341802947616299,6.559281403295087,79,79,100.0
LCP,Team Secret Whales,Behind,12,6,4.114234062888917,0.5,4.489918897883532,-4.253321580644763,12.845671862792187,79,79,100.0
LCS,Cloud9,Ahead,27,21,21.262620288174144,0.7777777777777778,-0.46073734767393715,-6.281086603486119,5.135585120371407,63,63,100.0
LCS,Cloud9,Behind,19,6,5.950005138948454,0.3157894736842105,0.10203032867662436,-6.44274783529611,7.5026214203695405,63,63,100.0
LCS,Dignitas,Ahead,5,2,3.0053093177101466,0.4,-2.8723123363147045,-8.1887398157839,2.4441151431544923,41,41,100.0
LCS,Dignitas,Behind,29,4,5.584465952739677,0.13793103448275862,-2.6855355131180993,-8.492526284032305,3.5242661316202586,41,41,100.0
LCS,Disguised,Ahead,11,7,7.124677586445757,0.6363636363636364,-0.3040916742579444,-9.924503670834296,8.283593490174459,47,47,100.0
LCS,Disguised,Behind,19,0,2.5126965642515344,0.0,-5.127952171941907,-7.781259852293713,-2.827459421400835,47,47,100.0
LCS,FlyQuest,Ahead,24,19,18.399361668585748,0.7916666666666666,1.1122932063226847,-5.743631485410599,7.104070791596273,59,59,100.0
LCS,FlyQuest,Behind,21,4,5.6749948107721035,0.19047619047619047,-3.284303550533538,-8.11000055266888,2.440419920129278,59,59,100.0
LCS,LYON,Ahead,25,22,20.68031140617963,0.88,2.3994338069461305,-3.602251305572423,7.1995584532868095,66,66,100.0
LCS,LYON,Behind,19,12,6.8075206629992655,0.631578947368421,10.596896606123947,2.0813049950062887,17.879997590439544,66,66,100.0
LCS,Sentinels,Ahead,21,15,16.075936172846852,0.7142857142857143,-2.1096787702879394,-9.770583477666616,5.746043503017515,58,58,100.0
LCS,Sentinels,Behind,17,3,3.815208161024448,0.17647058823529413,-1.7344854489881885,-7.5103020337319,4.974126754712945,58,58,100.0
LCS,Shopify Rebellion,Ahead,13,9,8.23744876622394,0.6923076923076923,1.7733749622699029,-5.841926555750974,8.316499815125061,42,42,100.0
LCS,Shopify Rebellion,Behind,23,4,4.745566700235784,0.17391304347826086,-1.4067296230863848,-7.303671750515505,4.74149569367724,42,42,100.0
LCS,Team Liquid,Ahead,36,27,27.956905931711482,0.75,-1.4498574722901274,-7.7925625695624055,4.985387698428529,66,66,100.0
LCS,Team Liquid,Behind,15,7,4.16697087115103,0.4666666666666667,6.295620286331044,-1.4383878879585132,14.044552756434562,66,66,100.0
LEC,Fnatic,Ahead,19,13,13.796098536618455,0.6842105263157895,-1.6246908910580702,-7.90243674571386,4.416927698635035,60,60,100.0
LEC,Fnatic,Behind,21,6,4.920596612083012,0.2857142857142857,2.1164772312097777,-5.069672167783029,9.967998833038934,60,60,100.0
LEC,G2 Esports,Ahead,39,34,32.46349188863533,0.8717948717948718,2.2268233498038703,-3.3760175906711236,7.945527594030902,86,86,100.0
LEC,G2 Esports,Behind,24,10,8.985925670688527,0.4166666666666667,1.8779154246508762,-6.3112899438383625,10.032837636343576,86,86,100.0
LEC,GiantX,Ahead,18,12,13.318670899295523,0.6666666666666666,-2.7472310401990057,-9.800917925734218,4.286703967957729,83,82,98.79518072289157
LEC,GiantX,Behind,39,16,8.271662947328542,0.41025641025641024,11.200488482132547,2.546171943656473,20.428071663633844,83,82,98.79518072289157
LEC,Karmine Corp,Ahead,44,36,36.02519911855066,0.8181818181818182,-0.03405286290629165,-7.3384260125309515,7.18885534420518,101,101,100.0
LEC,Karmine Corp,Behind,23,11,5.91143011508313,0.4782608695652174,9.601075254560133,2.8877431415614594,16.169488307863563,101,101,100.0
LEC,Movistar KOI,Ahead,35,22,26.36805959510521,0.6285714285714286,-6.720091684777246,-13.908183723085056,-0.2875748713422624,83,82,98.79518072289157
LEC,Movistar KOI,Behind,20,7,5.54280749760402,0.35,2.9143850047919573,-4.8696230007049115,10.169073753889176,83,82,98.79518072289157
LEC,Natus Vincere,Ahead,27,18,19.639358328145587,0.6666666666666666,-2.876067242360686,-10.625362056562869,4.512097305554148,71,71,100.0
LEC,Natus Vincere,Behind,20,5,4.161374821101213,0.25,1.6772503577975728,-4.79429394813563,7.884249995939746,71,71,100.0
LEC,SK Gaming,Ahead,10,6,6.518101888741793,0.6,-1.2952547218544797,-8.989438653478379,6.119730235889112,52,51,98.07692307692308
LEC,SK Gaming,Behind,24,5,5.394963716154512,0.20833333333333334,-0.731414289175023,-7.856415606070429,8.973227526871058,52,51,98.07692307692308
LEC,Shifters,Ahead,17,8,11.531723127269373,0.47058823529411764,-7.5143045261050485,-16.13374609234519,0.41892303628552,54,54,100.0
LEC,Shifters,Behind,26,3,5.195678914429242,0.11538461538461539,-3.9208552043379323,-9.491957387122227,1.7941045114519538,54,54,100.0
LEC,Team Heretics,Ahead,9,4,5.832608262339774,0.4444444444444444,-4.698995544460961,-12.713568613141506,3.7458656050513746,55,55,100.0
LEC,Team Heretics,Behind,25,1,3.9974048444932766,0.04,-5.449826989987775,-8.272801692394303,-2.575172282194041,55,55,100.0
LEC,Team Vitality,Ahead,29,23,23.30736442210295,0.7931034482758621,-0.5209566476321117,-9.736807265125226,7.290795357484688,77,76,98.7012987012987
LEC,Team Vitality,Behind,25,7,5.817478794229874,0.28,2.150038555945684,-4.206319674255319,8.709319256136379,77,76,98.7012987012987
LPL,Anyone's Legend,Ahead,44,37,34.414065314905116,0.8409090909090909,3.4945063312093096,-1.3920732568734795,8.050352112178844,138,106,76.81159420289855
LPL,Anyone's Legend,Behind,29,7,8.39339087211256,0.2413793103448276,-2.361679444258577,-8.572867714803374,4.282802874225301,138,106,76.81159420289855
LPL,Bilibili Gaming,Ahead,62,53,52.91465152455431,0.8548387096774194,0.09277008200618046,-5.9846751547707,5.882934488123665,140,112,80.0
LPL,Bilibili Gaming,Behind,17,3,6.210179557827569,0.17647058823529413,-6.830169271973548,-13.291321928217483,0.6439067744809346,140,112,80.0
LPL,EDward Gaming,Ahead,24,13,15.552575561337804,0.5416666666666666,-4.726991780255191,-13.337366567634648,4.121985034510205,78,63,80.76923076923077
LPL,EDward Gaming,Behind,26,2,4.137731023535974,0.07692307692307693,-3.817376827742811,-7.816063265627504,1.0410121666785082,78,63,80.76923076923077
LPL,Invictus Gaming,Ahead,34,25,25.653753968648335,0.7352941176470589,-1.0214905760130246,-9.34034581987947,6.397161107813625,116,83,71.55172413793103
LPL,Invictus Gaming,Behind,25,5,5.39374090519208,0.2,-0.7158925548946916,-7.216716808258746,6.226616492646145,116,83,71.55172413793103
LPL,JD Gaming,Ahead,36,29,28.876483079361837,0.8055555555555556,0.18714684945176413,-6.612282229209492,6.32609368190232,139,109,78.41726618705036
LPL,JD Gaming,Behind,31,6,8.603400025598084,0.1935483870967742,-4.267868894423088,-9.793871508964445,1.2306989819516991,139,109,78.41726618705036
LPL,LGD Gaming,Ahead,30,20,20.409165852860017,0.6666666666666666,-0.6819430881000225,-8.873385761384686,6.907739047187106,97,78,80.41237113402062
LPL,LGD Gaming,Behind,36,7,8.095032818112303,0.19444444444444445,-1.6591406335034884,-7.073070107717214,5.172481654943388,97,78,80.41237113402062
LPL,LNG Esports,Ahead,10,6,8.129816060500206,0.6,-5.324540151250516,-9.947141629694368,-0.37589501963402394,53,41,77.35849056603773
LPL,LNG Esports,Behind,14,5,3.9756709456033996,0.35714285714285715,2.328020578174093,-2.7506412145057584,7.923207030388802,53,41,77.35849056603773
LPL,Ninjas in Pyjamas,Ahead,26,20,20.358819692099278,0.7692307692307693,-0.6407494501772808,-7.733514639661196,6.042960076661546,93,71,76.34408602150538
LPL,Ninjas in Pyjamas,Behind,27,10,6.938597847382365,0.37037037037037035,5.370880969504626,-4.273028773744772,15.204990750488651,93,71,76.34408602150538
LPL,Oh My God,Ahead,3,3,2.132096818357063,1.0,2.630009641342233,1.9315284565150708,3.0353398265898335,34,30,88.23529411764706
LPL,Oh My God,Behind,10,0,2.0647822223782435,0.0,-5.1619555559456085,-6.753615709874914,-3.5003997826608355,34,30,88.23529411764706
LPL,Team WE,Ahead,30,22,20.311955224977687,0.7333333333333333,2.81340795837052,-4.912300320537171,9.98748805874974,128,113,88.28125
LPL,Team WE,Behind,59,12,8.955943504424878,0.2033898305084746,3.4202881972754176,-1.754507217485077,8.697341638263316,128,113,88.28125
LPL,ThunderTalk Gaming,Ahead,21,17,15.856885584720503,0.8095238095238095,2.2414008142735242,-5.551170466284381,9.082338514243732,80,64,80.0
LPL,ThunderTalk Gaming,Behind,29,6,6.482305957092476,0.20689655172413793,-0.8174677238855528,-7.349996876018628,5.673320817880364,80,64,80.0
LPL,Top Esports,Ahead,32,27,25.914706072447856,0.84375,1.7504740766970062,-3.523107367625704,6.507335198520191,127,97,76.37795275590551
LPL,Top Esports,Behind,33,12,8.81937802560384,0.36363636363636365,5.048606308565336,-2.6905969385269417,13.65329090201124,127,97,76.37795275590551
LPL,Ultra Prime,Ahead,3,2,2.1451170883564563,0.6666666666666666,-0.4397487525953228,-3.8025502478924706,2.7252408900372873,25,22,88.0
LPL,Ultra Prime,Behind,9,4,2.1963012503326382,0.4444444444444444,4.6248685888906715,-1.0298095509749605,11.294687634823216,25,22,88.0
LPL,Weibo Gaming,Ahead,20,15,14.113837544557045,0.75,1.7723249108859092,-4.962073928304842,8.54488520620288,100,81,81.0
LPL,Weibo Gaming,Behind,30,7,7.949615657120088,0.23333333333333334,-1.582692761866813,-8.214690599828748,5.010708663310378,100,81,81.0
